<ImportExportXml xmlns:xsi="http://www.w3.org/2001/XMLSchema-instance">
  <Entities></Entities>
  <Roles></Roles>
  <Workflows></Workflows>
  <FieldSecurityProfiles></FieldSecurityProfiles>
  <Templates />
  <EntityMaps />
  <EntityRelationships />
  <OrganizationSettings />
  <optionsets />
  <CustomControls />
  <EntityDataProviders />
  <CanvasApps>
    <CanvasApp>
      <Name>fmpp_powergrid_bfbba</Name>
      <AppVersion>2020-11-25T23:22:53Z</AppVersion>
      <Status>Ready</Status>
      <CreatedByClientVersion>3.20111.52.0</CreatedByClientVersion>
      <MinClientVersion>3.20111.52.0</MinClientVersion>
      <Tags>{"primaryDeviceWidth":"640","primaryDeviceHeight":"1136","sienaVersion":"8ac8d30f-9f6c-4065-af48-f8cd3d3f05a2","deviceCapabilities":"","supportsPortrait":"true","supportsLandscape":"false","primaryFormFactor":"Phone","publisherVersion":"3.20111.52","minimumRequiredApiVersion":"2.2.0","hasComponent":"true","hasUnlockedComponent":"true","isUnifiedRootApp":"false"}</Tags>
      <IsCdsUpgraded>0</IsCdsUpgraded>
      <GalleryItemId xsi:nil="true"></GalleryItemId>
      <BackgroundColor>rgba(251, 101, 60, 255)</BackgroundColor>
      <DisplayName>PowerGrid</DisplayName>
      <Description xsi:nil="true"></Description>
      <CommitMessage xsi:nil="true"></CommitMessage>
      <Publisher xsi:nil="true"></Publisher>
      <AuthorizationReferences xsi:nil="true"></AuthorizationReferences>
      <ConnectionReferences>{}</ConnectionReferences>
      <DatabaseReferences>{}</DatabaseReferences>
      <AppComponents>[{"appComponentName":"6530286e93d642b29bf2902495cca02e","displayName":"PowerGrid","appName":"ac1e63b1-db89-47ed-b630-6859407b71b6","appVersion":"2020-11-25T23:22:53Z","appDisplayName":"PowerGrid","environmentName":"b07459d0-5879-4f47-872a-3bb49ab10d56","owner":{"id":"4c7908f4-92d5-4ab4-b5cc-4808b75d5060","displayName":"MOD Administrator","email":"admin@powerapps.live","type":"User","tenantId":"40b064e8-2be0-4c8e-83aa-81bc516939e4","userPrincipalName":"admin@powerapps.live"},"allowCustomization":true,"createdOn":"2020-11-25T23:06:51.948Z","lastModifiedOn":"2020-11-25T23:17:09.657Z","connectionReferences":{}}]</AppComponents>
      <CanConsumeAppPass>1</CanConsumeAppPass>
      <CanvasAppType>1</CanvasAppType>
      <BypassConsent>0</BypassConsent>
      <AdminControlBypassConsent>0</AdminControlBypassConsent>
      <EmbeddedApp xsi:nil="true"></EmbeddedApp>
      <IntroducedVersion>1.0</IntroducedVersion>
      <CdsDependencies>{"cdsdependencies":[]}</CdsDependencies>
      <BackgroundImageUri>/CanvasApps/fmpp_powergrid_bfbba_BackgroundImageUri</BackgroundImageUri>
      <DocumentUri>/CanvasApps/fmpp_powergrid_bfbba_DocumentUri.msapp</DocumentUri>
    </CanvasApp>
  </CanvasApps>
  <Languages>
    <Language>1033</Language>
  </Languages>
</ImportExportXml>